inst,eid,pid,pmid,uptake,proj,exper,exper2,institute,country,submitter,file,first.row.in.file.int,last.row.in.file.int,row.in.file.plot,pub.id,pub.info,lat,long,topo,field,plot,plot.area,treat,rep,rep2,n.ints,t.start.p,t.end.p,dt1,dt.min,dt.max,ct.min,ct.max,meas.tech,meas.tech2,meas.tech.orig,meas.tech.det,j.NH31,j.rel1,e.1,e.4,e.6,e.12,e.24,e.48,e.72,e.96,e.168,e.final,e.cum.1,e.cum.4,e.cum.6,e.cum.12,e.cum.24,e.cum.48,e.cum.72,e.cum.96,e.cum.168,e.cum.final,e.rel.1,e.rel.4,e.rel.6,e.rel.12,e.rel.24,e.rel.48,e.rel.72,e.rel.96,e.rel.168,e.rel.final,clay,silt,sand,oc,soil.type,soil.type2,soil.water,soil.water.v,soil.moist,soil.ph,soil.dens,crop.res,till,air.temp.1,air.temp.4,air.temp.6,air.temp.12,air.temp.24,air.temp.48,air.temp.72,air.temp.96,air.temp.168,air.temp.mn,air.temp.z,soil.temp.1,soil.temp.4,soil.temp.6,soil.temp.12,soil.temp.24,soil.temp.48,soil.temp.72,soil.temp.96,soil.temp.168,soil.temp.mn,soil.temp.surf.1,soil.temp.surf.4,soil.temp.surf.6,soil.temp.surf.12,soil.temp.surf.24,soil.temp.surf.48,soil.temp.surf.72,soil.temp.surf.96,soil.temp.surf.168,soil.temp.surf.mn,soil.temp.z,rad.1,rad.4,rad.6,rad.12,rad.24,rad.48,rad.72,rad.96,rad.168,rad.mn,wind.1,wind.4,wind.6,wind.12,wind.24,wind.48,wind.72,wind.96,wind.168,wind.mn,wind.z,wind.2m.1,wind.2m.4,wind.2m.6,wind.2m.12,wind.2m.24,wind.2m.48,wind.2m.72,wind.2m.96,wind.2m.168,wind.2m.mn,wind.loc,rain.1,rain.4,rain.6,rain.12,rain.24,rain.48,rain.72,rain.96,rain.168,rain.tot,rain.rate.1,rain.rate.4,rain.rate.6,rain.rate.12,rain.rate.24,rain.rate.48,rain.rate.72,rain.rate.96,rain.rate.168,rain.rate.mn,rh.1,rh.4,rh.6,rh.12,rh.24,rh.48,rh.72,rh.96,rh.168,rh.mn,far.loc,man.source,man.source.orig,man.source.det,man.bed,man.con,man.trt1,man.trt2,man.trt3,man.stor,man.dm,man.vs,man.tkn,man.tan,man.vfa,man.tic,man.ua,man.ph,acid,date.start,app.start,app.start.orig,app.end,app.end.orig,app.method,app.method2,app.method.orig,app.rate,tan.app,incorp,incorp.orig,time.incorp,man.area,dist.inj,furrow.z,furrow.w,crop,crop.orig,crop.z,crop.area,lai,notes.plot,flag.plot,app.mthd,uexper
104,36,164,164,1,1994,1,1,DIAS,DK,,ALFAM1.xlsx,8,19,,,,,,,,79,,1,1,1,12,1990-07-05T13:00:00Z,1990-07-12T08:00:00Z,6,6,24,6,145,wt,wt,Wind tunnel,,0.7467,0.0131,,,4.4802,8.67,13.116,15.868,16.226,16.699,,17.18,,,,,,,,,,,,,0.0786,0.15211,0.23011,0.27837,0.28466,0.29296,,0.3014,10.6,11.8,74.6,2.7,sand,sand,0.279,,wet,6.6,,,No,,,8,7.65,7.4,6.7682,6.9714,,,4.789,10,,,,,,,,,,,,,,,,,,,,,,,,20.6,10.3,6.9,21.389,43.318,,,54.628,,,3.53,3.51,3.5267,3.5539,3.5547,,,3.5748,0.2,,,6.2432,6.2079,6.2373,6.2855,6.2869,,,6.3224,,,,0,0,0,0,0,,,0,,,0,0,0,0,0,,,0,,,,,,,,,,,,cat,Cattle,,None,slurry,None,none,,,5.35,,3.5,1.9,,,0,7.9,FALSE,1990-07-05,,,,,cs,cs,Closed slot,30,57,none,None,0,,,,,bare soil,Bare soil,0,,,"","",cs,104 1
104,36,165,165,1,1994,1,1,DIAS,DK,,ALFAM1.xlsx,20,31,,,,,,,,79,,2,1,1,12,1990-07-05T13:00:00Z,1990-07-12T08:00:00Z,6,6,24,6,145,wt,wt,Wind tunnel,,0.01,0.00017544,,,0.06,1.17,3.567,4.8425,4.076,4.9605,,5.6606,,,,,,,,,,,,,0.0010526,0.020526,0.062579,0.084955,0.071508,0.087027,,0.099308,10.6,11.8,74.6,2.7,sand,sand,0.279,,wet,6.6,,,Yes,,,8,7.65,7.4,6.7682,6.9714,,,4.789,10,,,,,,,,,,,,,,,,,,,,,,,,20.6,10.3,6.9,21.389,43.318,,,54.628,,,3.19,3.195,3.1933,3.1424,3.142,,,2.9371,0.2,,,5.6419,5.6507,5.6478,5.5576,5.5571,,,5.1946,,,,0,0,0,0,0,,,0,,,0,0,0,0,0,,,0,,,,,,,,,,,,cat,Cattle,,None,slurry,None,none,,,5.35,,3.5,1.9,,,0,7.9,FALSE,1990-07-05,,,,,cs,cs,Closed slot,30,57,none,None,0,,,,,bare soil,Bare soil,0,,,"","",cs,104 1
104,62,200,200,1,1999,1,18,DIAS,DK,,ALFAM1.xlsx,300,305,,,,,,,,1,,1,1,1,6,1997-03-17T16:30:00Z,1997-03-26T13:00:00Z,2.25,2.25,73.917,2.25,212.5,micro met,micro met,Micro met,,0.0986,0.0011452,,1.7422,2.5695,3.1004,3.8979,4.0683,4.2387,4.4132,,7.45,,,,,,,,,,,,0.020235,0.029843,0.03601,0.045272,0.047251,0.04923,0.051255,,0.086527,9.5,11,77,1.5,clay,clay,1,,wet,7.76,,,No,,,3.4397,3.4397,-0.65625,-0.65625,-0.65625,,,-0.20926,10,,,5.6948,5.6948,1.6333,1.6333,1.6333,,,0.28063,,,,,,,,,,,0.1,,,440.9,440.9,120.34,120.34,120.34,,,129.45,,,2.7138,2.7138,2.0896,2.0896,2.0896,,,3.5778,2,,,2.7138,2.7138,2.0896,2.0896,2.0896,,,3.5778,,,,0,0,0,0,0,,,29.8,,,0,0,0,0,0,,,0.14024,,,,,,,,,,,,pig,Pig,,None,slurry,None,none,,,1.93,,3.8,3,,,0,7.52,FALSE,1997-03-17,,,,,bsth,band,Band spread or trailing hose,28.7,86.1,none,None,0,,,,,other,Growing crop,5,,,"","",bsth,104 1
108,189,783,783,1,272,1,1,JTI,SE,,ALFAM1.xlsx,3459,3459,,,,,,,,C,,2,1,1,1,1994-04-19T20:00:00Z,1994-04-22T20:00:00Z,72,72,72,72,72,chamber,chamber,Dynamic chamber,,0.001,1.1111e-05,,,,,,,,,,0.072,,,,,,,,,,,,,,,,,,,,8e-04,7.5,,,5,sand,sand,,,wet,,,,No,,,,,,,10.5,,,10.5,1.5,,,,,,,12,,,12,,,,,,,,,,,0,,,,,,,,,,,,,,,,,2.7,,,2.7,2,,,,,,,2.7,,,2.7,,,,,,,,0,,,0,,,,,,,0,,,0,,,,,,,,,,,,pig,Pig,,Straw,slurry,None,none,,,5.8,,4.6,3,,,,6.8,FALSE,1994-04-19,,,,,cs,cs,Closed slot,30,90,none,None,,,,,,bare soil,Bare soil,,,,"","",cs,108 1
108,189,784,784,1,272,1,1,JTI,SE,,ALFAM1.xlsx,3460,3460,,,,,,,,C,,2,2,2,1,1994-04-19T20:00:00Z,1994-04-22T20:00:00Z,72,72,72,72,72,chamber,chamber,Dynamic chamber,,0.001,1.1111e-05,,,,,,,,,,0.072,,,,,,,,,,,,,,,,,,,,8e-04,7.5,,,5,sand,sand,,,wet,,,,No,,,,,,,10.5,,,10.5,1.5,,,,,,,12,,,12,,,,,,,,,,,0,,,,,,,,,,,,,,,,,2.7,,,2.7,2,,,,,,,2.7,,,2.7,,,,,,,,0,,,0,,,,,,,0,,,0,,,,,,,,,,,,pig,Pig,,Straw,slurry,None,none,,,5.8,,4.6,3,,,,6.8,FALSE,1994-04-19,,,,,cs,cs,Closed slot,30,90,none,None,,,,,,bare soil,Bare soil,,,,"","",cs,108 1
108,189,785,785,1,272,1,1,JTI,SE,,ALFAM1.xlsx,3461,3461,,,,,,,,C,,2,3,3,1,1994-04-19T20:00:00Z,1994-04-23T16:00:00Z,92,92,92,92,92,chamber,chamber,Dynamic chamber,,0.03,0.00033333,,,,,,,,,,2.76,,,,,,,,,,,,,,,,,,,,0.030667,7.5,,,5,sand,sand,,,wet,,,,No,,,,,,,,,,10.5,1.5,,,,,,,,,,12,,,,,,,,,,,0,,,,,,,,,,,,,,,,,,,,2.7,2,,,,,,,,,,2.7,,,,,,,,,,,0,,,,,,,,,,0,,,,,,,,,,,,pig,Pig,,Straw,slurry,None,none,,,5.8,,4.6,3,,,,6.8,FALSE,1994-04-19,,,,,cs,cs,Closed slot,30,90,none,None,,,,,,bare soil,Bare soil,,,,"","",cs,108 1
108,189,786,786,1,272,1,1,JTI,SE,,ALFAM1.xlsx,3462,3462,,,,,,,,D,,3,1,1,1,1994-04-19T20:00:00Z,1994-04-23T10:00:00Z,86,86,86,86,86,chamber,chamber,Dynamic chamber,,0.04,0.00041667,,,,,,,,,,3.44,,,,,,,,,,,,,,,,,,,,0.035833,7.5,,,5,sand,sand,,,wet,,,,No,,,,,,,,,,10,1.5,,,,,,,,,,11.7,,,,,,,,,,,0,,,,,,,,,,,,,,,,,,,,2.6,2,,,,,,,,,,2.6,,,,,,,,,,,0,,,,,,,,,,0,,,,,,,,,,,,pig,Pig,,Straw,slurry,None,none,,,8.3,,5.4,3.2,,,,6.8,FALSE,1994-04-19,,,,,bsth,band,Band spread or trailing hose,30,96,shallow,Shallow,0,,,,,bare soil,Bare soil,,,,"","",bsth,108 1
108,189,787,787,1,272,1,1,JTI,SE,,ALFAM1.xlsx,3463,3463,,,,,,,,D,,3,2,2,1,1994-04-19T20:00:00Z,1994-04-23T20:00:00Z,96,96,96,96,96,chamber,chamber,Dynamic chamber,,0.04,0.00041667,,,,,,,,,,3.84,,,,,,,,,,,,,,,,,,,,0.04,7.5,,,5,sand,sand,,,wet,,,,No,,,,,,,,,,10,1.5,,,,,,,,,,11.7,,,,,,,,,,,0,,,,,,,,,,,,,,,,,,,,2.6,2,,,,,,,,,,2.6,,,,,,,,,,,0,,,,,,,,,,0,,,,,,,,,,,,pig,Pig,,Straw,slurry,None,none,,,8.3,,5.4,3.2,,,,6.8,FALSE,1994-04-19,,,,,bsth,band,Band spread or trailing hose,30,96,shallow,Shallow,0,,,,,bare soil,Bare soil,,,,"","",bsth,108 1
108,189,788,788,1,272,1,1,JTI,SE,,ALFAM1.xlsx,3464,3464,,,,,,,,D,,3,3,3,1,1994-04-19T20:00:00Z,1994-04-23T01:00:00Z,77,77,77,77,77,chamber,chamber,Dynamic chamber,,0.03,0.0003125,,,,,,,,,,2.31,,,,,,,,,,,,,,,,,,,,0.024062,7.5,,,5,sand,sand,,,wet,,,,No,,,,,,,,,,10,1.5,,,,,,,,,,11.7,,,,,,,,,,,0,,,,,,,,,,,,,,,,,,,,2.6,2,,,,,,,,,,2.6,,,,,,,,,,,0,,,,,,,,,,0,,,,,,,,,,,,pig,Pig,,Straw,slurry,None,none,,,8.3,,5.4,3.2,,,,6.8,FALSE,1994-04-19,,,,,bsth,band,Band spread or trailing hose,30,96,shallow,Shallow,0,,,,,bare soil,Bare soil,,,,"","",bsth,108 1
108,189,789,789,1,272,1,1,JTI,SE,,ALFAM1.xlsx,3465,3465,,,,,,,,E,,4,1,1,1,1994-04-19T20:00:00Z,1994-04-23T00:00:00Z,76,76,76,76,76,chamber,chamber,Dynamic chamber,,0.22,0.0022917,,,,,,,,,,16.72,,,,,,,,,,,,,,,,,,,,0.17417,7.5,,,5,sand,sand,,,wet,,,,No,,,,,,,,,,10,1.5,,,,,,,,,,11.5,,,,,,,,,,,0,,,,,,,,,,,,,,,,,,,,2.6,2,,,,,,,,,,2.6,,,,,,,,,,,0,,,,,,,,,,0,,,,,,,,,,,,pig,Pig,,Straw,slurry,None,none,,,8.3,,5.4,3.2,,,,6.8,FALSE,1994-04-19,,,,,bsth,band,Band spread or trailing hose,30,96,none,None,,,,,,bare soil,Bare soil,,,,"","",bsth,108 1
108,189,790,790,1,272,1,1,JTI,SE,,ALFAM1.xlsx,3466,3466,,,,,,,,E,,4,2,2,1,1994-04-19T20:00:00Z,1994-04-23T05:00:00Z,81,81,81,81,81,chamber,chamber,Dynamic chamber,,0.24,0.0025,,,,,,,,,,19.44,,,,,,,,,,,,,,,,,,,,0.2025,7.5,,,5,sand,sand,,,wet,,,,No,,,,,,,,,,10,1.5,,,,,,,,,,11.5,,,,,,,,,,,0,,,,,,,,,,,,,,,,,,,,2.6,2,,,,,,,,,,2.6,,,,,,,,,,,0,,,,,,,,,,0,,,,,,,,,,,,pig,Pig,,Straw,slurry,None,none,,,8.3,,5.4,3.2,,,,6.8,FALSE,1994-04-19,,,,,bsth,band,Band spread or trailing hose,30,96,none,None,,,,,,bare soil,Bare soil,,,,"","",bsth,108 1
108,189,791,791,1,272,1,1,JTI,SE,,ALFAM1.xlsx,3467,3467,,,,,,,,E,,4,3,3,1,1994-04-19T20:00:00Z,1994-04-22T22:00:00Z,74,74,74,74,74,chamber,chamber,Dynamic chamber,,0.27,0.0028125,,,,,,,,,,19.98,,,,,,,,,,,,,,,,,,,,0.20812,7.5,,,5,sand,sand,,,wet,,,,No,,,,,,,,,,10,1.5,,,,,,,,,,11.5,,,,,,,,,,,0,,,,,,,,,,,,,,,,,,,,2.6,2,,,,,,,,,,2.6,,,,,,,,,,,0,,,,,,,,,,0,,,,,,,,,,,,pig,Pig,,Straw,slurry,None,none,,,8.3,,5.4,3.2,,,,6.8,FALSE,1994-04-19,,,,,bsth,band,Band spread or trailing hose,30,96,none,None,,,,,,bare soil,Bare soil,,,,"","",bsth,108 1
205,221,1163,1165,2,STOP,STOP-Bygholm (07),,AU,DK,,ALFAM2_AU_v5.xlsx,10,16,,1,"Thomsen et al., Agriculture, Ecosystems and Environment 136 (2010) 227–235",55.866,9.8207,Flat,Bygholm,1,0.85,Simpel tine,1,,7,2007-05-22T14:00:00Z,2007-05-26T12:00:00Z,1,1,24,1,94,wt,wt,Wind tunnel,,3.064,0.02195,3.064,3.975,5.797,6.019,6.625,9.441,11.967,,,13.133,,,,,,,,,,,0.02195,0.028476,0.041529,0.043119,0.047461,0.067634,0.085729,,,0.094083,12,15,70,1.9,sandy.loam,loam,0.41,,,5.6,1.34,Yes,No,,,17.733,17.733,12.255,12.487,13.314,,,13.719,2,,,14.15,14.15,13.532,13.672,13.716,,,13.967,,,,,,,,,,,0.1,,,558.82,558.82,243.24,278.54,239.51,,,231.16,,,3.7667,3.7667,2.5545,2.8391,2.9971,,,2.8957,10,,,2.7549,2.7549,1.8684,2.0765,2.192,,,2.1179,Nearest station,0,,0,0,0,0,0,,,0,0,,0,0,0,0,0,,,0,,,56,56,76,73.809,75.931,,,76.638,250,pig,Pig,,None,slurry,None,"",,90,3.8,,5.4,4.7,,,,7.9,FALSE,2007-05-22,2007-05-22T14:00:00Z,22-05-2007 10:00,,,cs,cs,Closed slot,29.7,139.59,none,None,,,,,,cereal,Winter wheat,25,75,,"","",cs,205 STOP-Bygholm (07)
205,221,1164,1166,2,STOP,STOP-Bygholm (07),,AU,DK,,ALFAM2_AU_v5.xlsx,17,23,,1,"Thomsen et al., Agriculture, Ecosystems and Environment 136 (2010) 227–235",55.866,9.8207,Flat,Bygholm,2,0.85,Trail hose,1,,7,2007-05-22T14:00:00Z,2007-05-26T12:00:00Z,1,1,24,1,94,wt,wt,Wind tunnel,,12.998,0.093116,12.998,15.962,21.47,25.55,33.104,41.598,44.694,,,54.55,,,,,,,,,,,0.093116,0.11435,0.15381,0.18304,0.23715,0.298,0.32018,,,0.39079,12,15,70,1.9,sandy.loam,loam,0.41,,,5.6,1.34,Yes,No,,,17.733,17.733,12.255,12.487,13.314,,,13.719,2,,,14.15,14.15,13.532,13.672,13.716,,,13.967,,,,,,,,,,,0.1,,,558.82,558.82,243.24,278.54,239.51,,,231.16,,,3.7667,3.7667,2.5545,2.8391,2.9971,,,2.8957,10,,,2.7549,2.7549,1.8684,2.0765,2.192,,,2.1179,Nearest station,0,,0,0,0,0,0,,,0,0,,0,0,0,0,0,,,0,,,56,56,76,73.809,75.931,,,76.638,250,pig,Pig,,None,slurry,None,"",,90,3.8,,5.4,4.7,,,,7.9,FALSE,2007-05-22,2007-05-22T14:00:00Z,22-05-2007 10:00,,,bsth,band,Band spread or trailing hose,29.7,139.59,none,None,,,,,,cereal,Winter wheat,25,75,,"","",bsth,205 STOP-Bygholm (07)
205,221,1165,1167,2,STOP,STOP-Bygholm (07),,AU,DK,,ALFAM2_AU_v5.xlsx,24,30,,1,"Thomsen et al., Agriculture, Ecosystems and Environment 136 (2010) 227–235",55.866,9.8207,Flat,Bygholm,3,0.85,Winge tine,1,,7,2007-05-22T14:00:00Z,2007-05-26T12:00:00Z,1,1,24,1,94,wt,wt,Wind tunnel,,2.279,0.016326,2.279,2.784,3.794,4.562,5.992,7.672,8.084,,,8.986,,,,,,,,,,,0.016326,0.019944,0.02718,0.032682,0.042926,0.054961,0.057912,,,0.064374,12,15,70,1.9,sandy.loam,loam,0.41,,,5.6,1.34,Yes,No,,,17.733,17.733,12.255,12.487,13.314,,,13.719,2,,,14.15,14.15,13.532,13.672,13.716,,,13.967,,,,,,,,,,,0.1,,,558.82,558.82,243.24,278.54,239.51,,,231.16,,,3.7667,3.7667,2.5545,2.8391,2.9971,,,2.8957,10,,,2.7549,2.7549,1.8684,2.0765,2.192,,,2.1179,Nearest station,0,,0,0,0,0,0,,,0,0,,0,0,0,0,0,,,0,,,56,56,76,73.809,75.931,,,76.638,250,pig,Pig,,None,slurry,None,"",,90,3.8,,5.4,4.7,,,,7.9,FALSE,2007-05-22,2007-05-22T14:00:00Z,22-05-2007 10:00,,,cs,cs,Closed slot,29.7,139.59,none,None,,,,,,cereal,Winter wheat,25,75,,"","",cs,205 STOP-Bygholm (07)
205,221,1166,1168,2,STOP,STOP-Bygholm (07),,AU,DK,,ALFAM2_AU_v5.xlsx,31,37,,1,"Thomsen et al., Agriculture, Ecosystems and Environment 136 (2010) 227–235",55.866,9.8207,Flat,Bygholm,4,0.85,Trail hose,2,,7,2007-05-22T14:00:00Z,2007-05-26T12:00:00Z,1,1,24,1,94,wt,wt,Wind tunnel,,13.186,0.094462,13.186,27.267,28.837,29.071,29.615,31.443,33.051,,,34.525,,,,,,,,,,,0.094462,0.19533,0.20658,0.20826,0.21215,0.22525,0.23677,,,0.24733,12,15,70,1.9,sandy.loam,loam,0.41,,,5.6,1.34,Yes,No,,,17.733,17.733,12.255,12.487,13.314,,,13.719,2,,,14.15,14.15,13.532,13.672,13.716,,,13.967,,,,,,,,,,,0.1,,,558.82,558.82,243.24,278.54,239.51,,,231.16,,,3.7667,3.7667,2.5545,2.8391,2.9971,,,2.8957,10,,,2.7549,2.7549,1.8684,2.0765,2.192,,,2.1179,Nearest station,0,,0,0,0,0,0,,,0,0,,0,0,0,0,0,,,0,,,56,56,76,73.809,75.931,,,76.638,250,pig,Pig,,None,slurry,None,"",,90,3.8,,5.4,4.7,,,,7.9,FALSE,2007-05-22,2007-05-22T14:00:00Z,22-05-2007 10:00,,,bsth,band,Band spread or trailing hose,29.7,139.59,none,None,,,,,,cereal,Winter wheat,25,75,,"","",bsth,205 STOP-Bygholm (07)
205,221,1167,1169,2,STOP,STOP-Bygholm (07),,AU,DK,,ALFAM2_AU_v5.xlsx,38,44,,1,"Thomsen et al., Agriculture, Ecosystems and Environment 136 (2010) 227–235",55.866,9.8207,Flat,Bygholm,5,0.85,Simpel tine,2,,7,2007-05-22T14:00:00Z,2007-05-26T12:00:00Z,1,1,24,1,94,wt,wt,Wind tunnel,,6.128,0.0439,6.128,6.682,6.682,7.714,9.558,10.94,11.18,,,11.642,,,,,,,,,,,0.0439,0.047869,0.047869,0.055262,0.068472,0.078372,0.080092,,,0.083401,12,15,70,1.9,sandy.loam,loam,0.41,,,5.6,1.34,Yes,No,,,17.733,17.733,12.255,12.487,13.314,,,13.719,2,,,14.15,14.15,13.532,13.672,13.716,,,13.967,,,,,,,,,,,0.1,,,558.82,558.82,243.24,278.54,239.51,,,231.16,,,3.7667,3.7667,2.5545,2.8391,2.9971,,,2.8957,10,,,2.7549,2.7549,1.8684,2.0765,2.192,,,2.1179,Nearest station,0,,0,0,0,0,0,,,0,0,,0,0,0,0,0,,,0,,,56,56,76,73.809,75.931,,,76.638,250,pig,Pig,,None,slurry,None,"",,90,3.8,,5.4,4.7,,,,7.9,FALSE,2007-05-22,2007-05-22T14:00:00Z,22-05-2007 10:00,,,cs,cs,Closed slot,29.7,139.59,none,None,,,,,,cereal,Winter wheat,25,75,,"","",cs,205 STOP-Bygholm (07)
205,221,1168,1170,2,STOP,STOP-Bygholm (07),,AU,DK,,ALFAM2_AU_v5.xlsx,45,51,,1,"Thomsen et al., Agriculture, Ecosystems and Environment 136 (2010) 227–235",55.866,9.8207,Flat,Bygholm,6,0.85,Winge tine,2,,7,2007-05-22T14:00:00Z,2007-05-26T12:00:00Z,1,1,24,1,94,wt,wt,Wind tunnel,,0.476,0.00341,0.476,1.692,1.692,2.394,3.706,5.354,6.3,,,6.3,,,,,,,,,,,0.00341,0.012121,0.012121,0.01715,0.026549,0.038355,0.045132,,,0.045132,12,15,70,1.9,sandy.loam,loam,0.41,,,5.6,1.34,Yes,No,,,17.733,17.733,12.255,12.487,13.314,,,13.719,2,,,14.15,14.15,13.532,13.672,13.716,,,13.967,,,,,,,,,,,0.1,,,558.82,558.82,243.24,278.54,239.51,,,231.16,,,3.7667,3.7667,2.5545,2.8391,2.9971,,,2.8957,10,,,2.7549,2.7549,1.8684,2.0765,2.192,,,2.1179,Nearest station,0,,0,0,0,0,0,,,0,0,,0,0,0,0,0,,,0,,,56,56,76,73.809,75.931,,,76.638,250,pig,Pig,,None,slurry,None,"",,90,3.8,,5.4,4.7,,,,7.9,FALSE,2007-05-22,2007-05-22T14:00:00Z,22-05-2007 10:00,,,cs,cs,Closed slot,29.7,139.59,none,None,,,,,,cereal,Winter wheat,25,75,,"","",cs,205 STOP-Bygholm (07)
205,221,1169,1171,2,STOP,STOP-Bygholm (07),,AU,DK,,ALFAM2_AU_v5.xlsx,52,58,,1,"Thomsen et al., Agriculture, Ecosystems and Environment 136 (2010) 227–235",55.866,9.8207,Flat,Bygholm,7,0.85,Winge tine,3,,7,2007-05-22T14:00:00Z,2007-05-26T12:00:00Z,1,1,24,1,94,wt,wt,Wind tunnel,,0.144,0.0010316,0.144,0.978,1.65,2.286,3.432,4.436,5.25,,,7.186,,,,,,,,,,,0.0010316,0.0070061,0.01182,0.016376,0.024586,0.031778,0.03761,,,0.051479,12,15,70,1.9,sandy.loam,loam,0.41,,,5.6,1.34,Yes,No,,,17.733,17.733,12.255,12.487,13.314,,,13.719,2,,,14.15,14.15,13.532,13.672,13.716,,,13.967,,,,,,,,,,,0.1,,,558.82,558.82,243.24,278.54,239.51,,,231.16,,,3.7667,3.7667,2.5545,2.8391,2.9971,,,2.8957,10,,,2.7549,2.7549,1.8684,2.0765,2.192,,,2.1179,Nearest station,0,,0,0,0,0,0,,,0,0,,0,0,0,0,0,,,0,,,56,56,76,73.809,75.931,,,76.638,250,pig,Pig,,None,slurry,None,"",,90,3.8,,5.4,4.7,,,,7.9,FALSE,2007-05-22,2007-05-22T14:00:00Z,22-05-2007 10:00,,,cs,cs,Closed slot,29.7,139.59,none,None,,,,,,cereal,Winter wheat,25,75,,"","",cs,205 STOP-Bygholm (07)
205,221,1170,1172,2,STOP,STOP-Bygholm (07),,AU,DK,,ALFAM2_AU_v5.xlsx,59,65,,1,"Thomsen et al., Agriculture, Ecosystems and Environment 136 (2010) 227–235",55.866,9.8207,Flat,Bygholm,8,0.85,Simpel tine,3,,7,2007-05-22T14:00:00Z,2007-05-26T12:00:00Z,1,1,24,1,94,wt,wt,Wind tunnel,,5,0.035819,5,13.138,15.254,15.74,16.75,19.042,20.088,,,20.462,,,,,,,,,,,0.035819,0.094119,0.10928,0.11276,0.11999,0.13641,0.1439,,,0.14659,12,15,70,1.9,sandy.loam,loam,0.41,,,5.6,1.34,Yes,No,,,17.733,17.733,12.255,12.487,13.314,,,13.719,2,,,14.15,14.15,13.532,13.672,13.716,,,13.967,,,,,,,,,,,0.1,,,558.82,558.82,243.24,278.54,239.51,,,231.16,,,3.7667,3.7667,2.5545,2.8391,2.9971,,,2.8957,10,,,2.7549,2.7549,1.8684,2.0765,2.192,,,2.1179,Nearest station,0,,0,0,0,0,0,,,0,0,,0,0,0,0,0,,,0,,,56,56,76,73.809,75.931,,,76.638,250,pig,Pig,,None,slurry,None,"",,90,3.8,,5.4,4.7,,,,7.9,FALSE,2007-05-22,2007-05-22T14:00:00Z,22-05-2007 10:00,,,cs,cs,Closed slot,29.7,139.59,none,None,,,,,,cereal,Winter wheat,25,75,,"","",cs,205 STOP-Bygholm (07)
205,221,1171,1173,2,STOP,STOP-Bygholm (07),,AU,DK,,ALFAM2_AU_v5.xlsx,66,72,,1,"Thomsen et al., Agriculture, Ecosystems and Environment 136 (2010) 227–235",55.866,9.8207,Flat,Bygholm,9,0.85,Trail hose,3,,7,2007-05-22T14:00:00Z,2007-05-26T12:00:00Z,1,1,24,1,94,wt,wt,Wind tunnel,,0.929,0.0066552,0.929,4.583,8.263,9.445,11.983,19.083,28.981,,,34.767,,,,,,,,,,,0.0066552,0.032832,0.059195,0.067662,0.085844,0.1367,0.20762,,,0.24907,12,15,70,1.9,sandy.loam,loam,0.41,,,5.6,1.34,Yes,No,,,17.733,17.733,12.255,12.487,13.314,,,13.719,2,,,14.15,14.15,13.532,13.672,13.716,,,13.967,,,,,,,,,,,0.1,,,558.82,558.82,243.24,278.54,239.51,,,231.16,,,3.7667,3.7667,2.5545,2.8391,2.9971,,,2.8957,10,,,2.7549,2.7549,1.8684,2.0765,2.192,,,2.1179,Nearest station,0,,0,0,0,0,0,,,0,0,,0,0,0,0,0,,,0,,,56,56,76,73.809,75.931,,,76.638,250,pig,Pig,,None,slurry,None,"",,90,3.8,,5.4,4.7,,,,7.9,FALSE,2007-05-22,2007-05-22T14:00:00Z,22-05-2007 10:00,,,bsth,band,Band spread or trailing hose,29.7,139.59,none,None,,,,,,cereal,Winter wheat,25,75,,"","",bsth,205 STOP-Bygholm (07)
205,223,1181,1183,2,STOP,STOP-Foulum (09),,AU,DK,,ALFAM2_AU_v5.xlsx,127,142,,2,"Nyord et al., Agriculture, Ecosystems and Environment 160 (2012) 75– 81",56.824,9.9563,Flat,Foulum,1,1296,Unter,1,,6,2009-09-08T16:34:00Z,2009-09-14T13:51:00Z,1,1,72.183,1,140.28,zinst,micro met,ZINST,,3.247,0.030995,3.247,4.549,5.417,9.8642,15.156,0.86103,4.8908,-1.1095,,-12.18,,,,,,,,,,,0.030995,0.043423,0.051708,0.094159,0.14467,0.008219,0.046685,-0.010592,,-0.11627,6,19,69.5,5.3,sandy.loam,loam,0.57,,,6.3,1.36,Yes,No,,,22.8,21.345,18.438,16.592,15.354,,,14.606,2,,,16.8,17.314,16.569,16.199,15.858,,,15.159,,,,,,,,,,,0.1,,,493,225.89,104.73,153.38,148.3,,,147.32,,,5,4.1439,2.7764,2.7342,2.5065,,,2.9663,10,,,3.835,3.1784,2.1295,2.0971,1.9225,,,2.2751,Nearest station,0,,0,0,0,0,0,,,0,0,,0,0,0,0,0,,,0,,,61,66.736,80.294,79.246,80.751,,,79.902,,pig,Pig,,None,slurry,None,"",,80,3.9,,4.8,3.6,,,,7.7,FALSE,2009-09-08,2009-09-08T16:34:00Z,08-09-2009 12:34,,,cs,cs,Closed slot,29.1,104.76,none,None,,40,30,4,2,stubble,Stubble,10,55,,"","",cs,205 STOP-Foulum (09)
205,223,1182,1184,2,STOP,STOP-Foulum (09),,AU,DK,,ALFAM2_AU_v5.xlsx,128,143,,2,"Nyord et al., Agriculture, Ecosystems and Environment 160 (2012) 75– 81",56.824,9.9563,Flat,Foulum,2,1296,Trail hose,1,,6,2009-09-08T17:21:00Z,2009-09-14T14:12:00Z,1.0167,1.0167,72.417,1.0167,140.85,zinst,micro met,ZINST,,6.16,0.058801,,31.361,48.187,61.556,81.079,90.055,116.55,123.08,,135.27,,,,,,,,,,,,0.29937,0.45998,0.5876,0.77396,0.85963,1.1125,1.1748,,1.2913,6,19,69.5,5.3,sandy.loam,loam,0.57,,,6.3,1.36,Yes,No,,,23.2,21.191,18.22,16.513,15.304,,,14.582,2,,,17.2,17.451,16.564,16.201,15.861,,,15.161,,,,,,,,,,,0.1,,,480,188.09,100.05,150.73,146.49,,,146.44,,,5.8,4.0425,2.6654,2.6843,2.4728,,,2.9495,10,,,4.4487,3.1006,2.0444,2.0589,1.8967,,,2.2623,Nearest station,,,0,0,0,0,0,,,0,,,0,0,0,0,0,,,0,,,60,67.532,81.121,79.632,81.013,,,80.03,,pig,Pig,,None,slurry,None,"",,80,3.9,,4.8,3.6,,,,7.7,FALSE,2009-09-08,2009-09-08T17:21:00Z,08-09-2009 13:21,,,bsth,band,Band spread or trailing hose,29.1,104.76,none,None,,40,,,,stubble,Stubble,10,55,,"","",bsth,205 STOP-Foulum (09)
205,223,1183,1185,2,STOP,STOP-Foulum (09),,AU,DK,,ALFAM2_AU_v5.xlsx,129,144,,2,"Nyord et al., Agriculture, Ecosystems and Environment 160 (2012) 75– 81",56.824,9.9563,Flat,Foulum,3,1296,Disc injection,1,,6,2009-09-08T19:27:00Z,2009-09-14T13:57:00Z,1.0167,1.0167,72.167,1.0167,138.5,zinst,micro met,ZINST,,3.099,0.029582,,10.43,15.31,34.978,69.355,87.201,107.05,128.41,,166.24,,,,,,,,,,,,0.099559,0.14614,0.33388,0.66203,0.83239,1.0219,1.2258,,1.5869,6,19,69.5,5.3,sandy.loam,loam,0.57,,,6.3,1.36,Yes,No,,,23.1,19.081,17.816,16.23,15.072,,,14.462,2,,,17.6,17.258,16.479,16.122,15.796,,,15.121,,,,,,,,,,,0.1,,,273,58.284,94.939,140.89,139.65,,,143.17,,,5.1,2.7057,2.5002,2.5527,2.3765,,,2.9098,10,,,3.9118,2.0753,1.9176,1.9579,1.8227,,,2.2318,Nearest station,,,0,0,0,0,0,,,0,,,0,0,0,0,0,,,0,,,61,76.99,82.04,80.441,81.607,,,80.301,,pig,Pig,,None,slurry,None,"",,80,3.9,,4.8,3.6,,,,7.7,FALSE,2009-09-08,2009-09-08T19:27:00Z,08-09-2009 15:27,,,cs,cs,Closed slot,29.1,104.76,none,None,,40,30,6,3,stubble,Stubble,10,55,,"","",cs,205 STOP-Foulum (09)
205,225,1232,1234,2,Unter,Unter (a),,AU,DK,,ALFAM2_AU_v5.xlsx,423,483,,4,"Nyrd et al., 2013. Proceeding for the 15th International RAMIRAN conference, Versailles, France, 2013. Importance of injector design on ammonia volatilization and crop yield when soil injecting pig slurry to a winter wheat crop. www.ramiran.net",56.818,10.011,Flat,Foulum,2,1296,Trail hose,1,,7,2011-05-11T14:39:00Z,2011-05-17T12:52:00Z,1,1,68.367,1,142.22,zinst,micro met,ZINST,,1.451,0.017864,1.451,3.4737,5.0296,7.2403,7.4576,8.3697,10.048,10.332,,10.656,,,,,,,,,,,0.017864,0.042765,0.061922,0.089139,0.091814,0.10304,0.1237,0.1272,,0.13119,4.7,8.9,78.3,8.09,loamy.sand,sand,0.2279,,,6.1,1.22,Yes,No,,,13.302,13.894,11.11,11.11,11.406,,,10.048,2,,,11.266,11.552,11.139,11.139,11.17,,,10.685,,,,,,,,,,,0.1,,,174.85,255.96,165.56,165.56,184.36,,,164.28,,,4.3665,3.3331,2.2982,2.2982,2.8012,,,3.5649,10,,,3.1936,2.4378,1.6808,1.6808,2.0487,,,2.6073,Nearest station,0.8,,1.4,1.4,1.4,1.4,1.42,,,1.62,0.8,,0.46928,0.1597,0.058495,0.058495,0.029542,,,0.011391,,,82.123,79.865,87.745,87.745,83.656,,,84.017,,pig,Pig,,None,slurry,None,"",,60,2.07,,3.83,2.85,,,,7.83,FALSE,2011-05-11,2011-05-11T14:39:00Z,11-05-2011 10:39,,,bsth,band,Band spread or trailing hose,28.5,81.225,none,None,,30,,,,cereal,Winter wheat,25,95,,"","",bsth,205 Unter (a)
205,225,1233,1235,2,Unter,Unter (a),,AU,DK,,ALFAM2_AU_v5.xlsx,424,484,,4,"Nyrd et al., 2013. Proceeding for the 15th International RAMIRAN conference, Versailles, France, 2013. Importance of injector design on ammonia volatilization and crop yield when soil injecting pig slurry to a winter wheat crop. www.ramiran.net",56.818,10.011,Flat,Foulum,2,1296,Trail hose,2,,7,2011-05-11T14:39:00Z,2011-05-17T12:52:00Z,1,1,68.367,1,142.22,zinst,micro met,ZINST,,1.058,0.013026,1.058,2.8329,3.1288,3.5545,3.6162,4.3843,5.8942,6.1658,,6.4893,,,,,,,,,,,0.013026,0.034877,0.038521,0.043761,0.044521,0.053977,0.072566,0.07591,,0.079893,4.7,8.9,78.3,8.09,loamy.sand,sand,0.2279,,,6.1,1.22,Yes,No,,,13.302,13.894,11.11,11.11,11.406,,,10.048,2,,,11.266,11.552,11.139,11.139,11.17,,,10.685,,,,,,,,,,,0.1,,,174.85,255.96,165.56,165.56,184.36,,,164.28,,,4.3665,3.3331,2.2982,2.2982,2.8012,,,3.5649,10,,,3.1936,2.4378,1.6808,1.6808,2.0487,,,2.6073,Nearest station,0.8,,1.4,1.4,1.4,1.4,1.42,,,1.62,0.8,,0.46928,0.1597,0.058495,0.058495,0.029542,,,0.011391,,,82.123,79.865,87.745,87.745,83.656,,,84.017,,pig,Pig,,None,slurry,None,"",,60,2.07,,3.83,2.85,,,,7.83,FALSE,2011-05-11,2011-05-11T14:39:00Z,11-05-2011 10:39,,,bsth,band,Band spread or trailing hose,28.5,81.225,none,None,,30,,,,cereal,Winter wheat,25,95,,"","",bsth,205 Unter (a)
205,225,1234,1236,2,Unter,Unter (a),,AU,DK,,ALFAM2_AU_v5.xlsx,425,485,,4,"Nyrd et al., 2013. Proceeding for the 15th International RAMIRAN conference, Versailles, France, 2013. Importance of injector design on ammonia volatilization and crop yield when soil injecting pig slurry to a winter wheat crop. www.ramiran.net",56.818,10.011,Flat,Foulum,3,1296,Combined disc and tine injection,1,,7,2011-05-11T17:31:00Z,2011-05-17T12:52:00Z,1,1,68.267,1,139.35,zinst,micro met,ZINST,,0.626,0.0080164,0.626,1.551,1.685,2.0468,2.7068,4.0133,5.1803,5.5163,,6.1232,,,,,,,,,,,0.0080164,0.019862,0.021578,0.026211,0.034663,0.051393,0.066337,0.07064,,0.078412,4.7,8.9,78.3,8.09,loamy.sand,sand,0.2446,,,6.1,1.15,Yes,No,,,14.867,13.451,13.451,11.336,10.67,,,9.9989,2,,,11.533,11.773,11.773,11.186,11.046,,,10.68,,,,,,,,,,,0.1,,,520.57,246.71,246.71,184.85,189.95,,,164.06,,,3.6667,2.2514,2.2514,2.691,3.202,,,3.544,10,,,2.6817,1.6467,1.6467,1.9681,2.3419,,,2.592,Nearest station,0,,0,0,0,0.05,0.15,,,0.25,0,,0,0,0,0.0011038,0.0021102,,,0.001794,,,76.8,80.327,80.327,83.469,82.102,,,83.963,,pig,Pig,,None,slurry,None,"",,60,1.99,,4.15,2.74,,,,7.88,FALSE,2011-05-11,2011-05-11T17:31:00Z,11-05-2011 13:31,,,cs,cs,Closed slot,28.5,78.09,none,None,,1,30,5,1,cereal,Winter wheat,25,95,,"","",cs,205 Unter (a)
205,225,1235,1237,2,Unter,Unter (a),,AU,DK,,ALFAM2_AU_v5.xlsx,426,486,,4,"Nyrd et al., 2013. Proceeding for the 15th International RAMIRAN conference, Versailles, France, 2013. Importance of injector design on ammonia volatilization and crop yield when soil injecting pig slurry to a winter wheat crop. www.ramiran.net",56.818,10.011,Flat,Foulum,3,1296,Combined disc and tine injection,2,,7,2011-05-11T17:31:00Z,2011-05-17T12:52:00Z,1,1,68.267,1,139.35,zinst,micro met,ZINST,,0.824,0.010552,0.824,1.975,2.165,2.4469,2.5549,3.7083,4.5023,4.7423,,5.1758,,,,,,,,,,,0.010552,0.025291,0.027724,0.031334,0.032717,0.047488,0.057655,0.060729,,0.06628,4.7,8.9,78.3,8.09,loamy.sand,sand,0.2446,,,6.1,1.15,Yes,No,,,14.867,13.451,13.451,11.336,10.67,,,9.9989,2,,,11.533,11.773,11.773,11.186,11.046,,,10.68,,,,,,,,,,,0.1,,,520.57,246.71,246.71,184.85,189.95,,,164.06,,,3.6667,2.2514,2.2514,2.691,3.202,,,3.544,10,,,2.6817,1.6467,1.6467,1.9681,2.3419,,,2.592,Nearest station,0,,0,0,0,0.05,0.15,,,0.25,0,,0,0,0,0.0011038,0.0021102,,,0.001794,,,76.8,80.327,80.327,83.469,82.102,,,83.963,,pig,Pig,,None,slurry,None,"",,60,1.99,,4.15,2.74,,,,7.88,FALSE,2011-05-11,2011-05-11T17:31:00Z,11-05-2011 13:31,,,cs,cs,Closed slot,28.5,78.09,none,None,,1,30,5,1,cereal,Winter wheat,25,95,,"","",cs,205 Unter (a)
205,225,1236,1238,2,Unter,Unter (a),,AU,DK,,ALFAM2_AU_v5.xlsx,427,487,,4,"Nyrd et al., 2013. Proceeding for the 15th International RAMIRAN conference, Versailles, France, 2013. Importance of injector design on ammonia volatilization and crop yield when soil injecting pig slurry to a winter wheat crop. www.ramiran.net",56.818,10.011,Flat,Foulum,4,1296,Trail hose,1,,7,2011-05-11T18:30:00Z,2011-05-17T12:52:00Z,1.05,1.05,68.117,1.05,138.37,zinst,micro met,ZINST,,1.673,0.020383,,3.6917,3.8877,4.4419,5.5219,7.6138,9.2198,9.5797,,10.215,,,,,,,,,,,,0.044977,0.047365,0.054117,0.067274,0.092761,0.11233,0.11672,,0.12446,4.7,8.9,78.3,8.09,loamy.sand,sand,0.249,,,6.1,1.1,Yes,No,,,15.334,13.37,11.261,11.28,10.625,,,9.9729,2,,,11.666,11.808,11.071,11.18,11.04,,,10.676,,,,,,,,,,,0.1,,,389.83,186.49,176.65,173.09,182.58,,,160.19,,,2.7,1.8498,2.0162,2.6295,3.1702,,,3.5295,10,,,1.9747,1.3529,1.4746,1.9231,2.3186,,,2.5814,Nearest station,,,0,0,0.03,0.05,0.15,,,0.25,,,0,0,0.0012931,0.0011257,0.0021352,,,0.0018068,,,74.634,80.201,85.256,83.51,82.109,,,83.975,,pig,Pig,,None,slurry,None,"",,60,2.26,,4.07,2.88,,,,7.87,FALSE,2011-05-11,2011-05-11T18:30:00Z,11-05-2011 14:30,,,bsth,band,Band spread or trailing hose,28.5,82.08,none,None,,30,,,,cereal,Winter wheat,25,95,,"","",bsth,205 Unter (a)
205,225,1237,1239,2,Unter,Unter (a),,AU,DK,,ALFAM2_AU_v5.xlsx,428,488,,4,"Nyrd et al., 2013. Proceeding for the 15th International RAMIRAN conference, Versailles, France, 2013. Importance of injector design on ammonia volatilization and crop yield when soil injecting pig slurry to a winter wheat crop. www.ramiran.net",56.818,10.011,Flat,Foulum,4,1296,Trail hose,2,,7,2011-05-11T18:30:00Z,2011-05-17T12:52:00Z,1.05,1.05,68.117,1.05,138.37,zinst,micro met,ZINST,,2.666,0.032481,,5.3358,6.0778,7.1269,8.2253,9.8397,10.888,11.224,,11.817,,,,,,,,,,,,0.065007,0.074047,0.086829,0.10021,0.11988,0.13265,0.13674,,0.14397,4.7,8.9,78.3,8.09,loamy.sand,sand,0.249,,,6.1,1.1,Yes,No,,,15.334,13.37,11.261,11.28,10.625,,,9.9729,2,,,11.666,11.808,11.071,11.18,11.04,,,10.676,,,,,,,,,,,0.1,,,389.83,186.49,176.65,173.09,182.58,,,160.19,,,2.7,1.8498,2.0162,2.6295,3.1702,,,3.5295,10,,,1.9747,1.3529,1.4746,1.9231,2.3186,,,2.5814,Nearest station,,,0,0,0.03,0.05,0.15,,,0.25,,,0,0,0.0012931,0.0011257,0.0021352,,,0.0018068,,,74.634,80.201,85.256,83.51,82.109,,,83.975,,pig,Pig,,None,slurry,None,"",,60,2.26,,4.07,2.88,,,,7.87,FALSE,2011-05-11,2011-05-11T18:30:00Z,11-05-2011 14:30,,,bsth,band,Band spread or trailing hose,28.5,82.08,none,None,,30,,,,cereal,Winter wheat,25,95,,"","",bsth,205 Unter (a)
205,225,1238,1240,2,Unter,Unter (a),,AU,DK,,ALFAM2_AU_v5.xlsx,429,489,,4,"Nyrd et al., 2013. Proceeding for the 15th International RAMIRAN conference, Versailles, France, 2013. Importance of injector design on ammonia volatilization and crop yield when soil injecting pig slurry to a winter wheat crop. www.ramiran.net",56.818,10.011,Flat,Foulum,5,1296,Combined disc and tine injection,1,,7,2011-05-11T16:45:00Z,2011-05-17T12:52:00Z,0.98333,0.98333,68.533,0.98333,140.12,zinst,micro met,ZINST,,1.24,0.015595,1.2259,2.0786,2.1886,2.6558,3.9039,5.1012,7.1829,7.5428,,8.2046,,,,,,,,,,,0.015418,0.026141,0.027525,0.0334,0.049096,0.064155,0.090334,0.09486,,0.10318,4.7,8.9,78.3,8.09,loamy.sand,sand,0.242,,,6.1,1.14,Yes,No,,,13.744,13.244,13.244,11.319,10.661,,,9.9955,2,,,11.467,11.758,11.758,11.189,11.085,,,10.701,,,,,,,,,,,0.1,,,456.22,254.57,254.57,187.23,190.43,,,164.35,,,4.0956,2.4855,2.4855,2.7297,3.2249,,,3.5551,10,,,2.9954,1.8178,1.8178,1.9964,2.3586,,,2.6001,Nearest station,0,,0,0,0,0.05,0.1,,,0.2,0,,0,0,0,0.0010937,0.001397,,,0.0014274,,,81.921,81.369,81.369,83.653,82.153,,,83.985,,pig,Pig,,None,slurry,None,"",,60,2.1,,4.08,2.79,,,,7.87,FALSE,2011-05-11,2011-05-11T16:45:00Z,11-05-2011 12:45,,,cs,cs,Closed slot,28.5,79.515,none,None,,1,30,5,1,cereal,Winter wheat,25,95,,"","",cs,205 Unter (a)
205,225,1239,1241,2,Unter,Unter (a),,AU,DK,,ALFAM2_AU_v5.xlsx,430,490,,4,"Nyrd et al., 2013. Proceeding for the 15th International RAMIRAN conference, Versailles, France, 2013. Importance of injector design on ammonia volatilization and crop yield when soil injecting pig slurry to a winter wheat crop. www.ramiran.net",56.818,10.011,Flat,Foulum,5,1296,Combined disc and tine injection,2,,7,2011-05-11T16:45:00Z,2011-05-17T12:52:00Z,0.98333,0.98333,68.533,0.98333,140.12,zinst,micro met,ZINST,,1.514,0.01904,1.4922,2.1601,2.6862,3.8218,5.0818,6.1936,7.1655,7.4535,,7.9829,,,,,,,,,,,0.018766,0.027166,0.033782,0.048064,0.06391,0.077892,0.090116,0.093739,,0.1004,4.7,8.9,78.3,8.09,loamy.sand,sand,0.242,,,6.1,1.14,Yes,No,,,13.744,13.244,13.244,11.319,10.661,,,9.9955,2,,,11.467,11.758,11.758,11.189,11.085,,,10.701,,,,,,,,,,,0.1,,,456.22,254.57,254.57,187.23,190.43,,,164.35,,,4.0956,2.4855,2.4855,2.7297,3.2249,,,3.5551,10,,,2.9954,1.8178,1.8178,1.9964,2.3586,,,2.6001,Nearest station,0,,0,0,0,0.05,0.1,,,0.2,0,,0,0,0,0.0010937,0.001397,,,0.0014274,,,81.921,81.369,81.369,83.653,82.153,,,83.985,,pig,Pig,,None,slurry,None,"",,60,2.1,,4.08,2.79,,,,7.87,FALSE,2011-05-11,2011-05-11T16:45:00Z,11-05-2011 12:45,,,cs,cs,Closed slot,28.5,79.515,none,None,,1,30,5,1,cereal,Winter wheat,25,95,,"","",cs,205 Unter (a)
205,226,1240,1242,2,Unter,Unter (b),,AU,DK,,ALFAM2_AU_v5.xlsx,491,551,,4,"Nyrd et al., 2013. Proceeding for the 15th International RAMIRAN conference, Versailles, France, 2013. Importance of injector design on ammonia volatilization and crop yield when soil injecting pig slurry to a winter wheat crop. www.ramiran.net",56.818,10.011,Flat,Foulum,1,1296,Trail hose,1,,7,2011-05-04T15:20:00Z,2011-05-10T13:26:00Z,1,1,70.733,1,142.1,zinst,micro met,ZINST,,0.503,0.0061522,0.503,1.411,1.667,2.2356,3.1186,4.5467,5.0475,5.4315,,6.1691,,,,,,,,,,,0.0061522,0.017258,0.020389,0.027344,0.038144,0.05561,0.061736,0.066433,,0.075454,4.7,8.9,78.3,8.09,loamy.sand,sand,0.274,,,6.1,1.11,Yes,No,,,9.4,8.9571,7.4724,7.6996,9.1619,,,11.769,2,,,8.3667,8.8306,8.6224,8.7699,9.1202,,,9.8568,,,,,,,,,,,0.1,,,447.93,306.07,198.19,255.81,267.43,,,279.01,,,4.3,5.1225,4.2894,3.8167,3.743,,,5.1651,10,,,3.1864,3.7958,3.1786,2.8283,2.7737,,,3.8275,Nearest station,0,,0,0,0,0,0,,,0,0,,0,0,0,0,0,,,0,,,49.2,56.349,72.696,73.92,70.105,,,62.835,,pig,Pig,,None,slurry,None,"",,50,1.81,,4.23,2.92,,,,7.79,FALSE,2011-05-04,2011-05-04T15:20:00Z,04-05-2011 11:20,,,bsth,band,Band spread or trailing hose,28,81.76,none,None,,30,,,,cereal,Winter wheat,20,90,,"","",bsth,205 Unter (b)
205,226,1241,1243,2,Unter,Unter (b),,AU,DK,,ALFAM2_AU_v5.xlsx,492,552,,4,"Nyrd et al., 2013. Proceeding for the 15th International RAMIRAN conference, Versailles, France, 2013. Importance of injector design on ammonia volatilization and crop yield when soil injecting pig slurry to a winter wheat crop. www.ramiran.net",56.818,10.011,Flat,Foulum,1,1296,Trail hose,2,,7,2011-05-04T15:20:00Z,2011-05-10T13:26:00Z,1,1,70.733,1,142.1,zinst,micro met,ZINST,,0.738,0.0090264,0.738,1.747,1.941,2.4924,3.5487,5.5029,6.4642,6.5841,,6.8146,,,,,,,,,,,0.0090264,0.021367,0.02374,0.030484,0.043404,0.067306,0.079063,0.08053,,0.083349,4.7,8.9,78.3,8.09,loamy.sand,sand,0.274,,,6.1,1.11,Yes,No,,,9.4,8.9571,7.4724,7.6996,9.1619,,,11.769,2,,,8.3667,8.8306,8.6224,8.7699,9.1202,,,9.8568,,,,,,,,,,,0.1,,,447.93,306.07,198.19,255.81,267.43,,,279.01,,,4.3,5.1225,4.2894,3.8167,3.743,,,5.1651,10,,,3.1864,3.7958,3.1786,2.8283,2.7737,,,3.8275,Nearest station,0,,0,0,0,0,0,,,0,0,,0,0,0,0,0,,,0,,,49.2,56.349,72.696,73.92,70.105,,,62.835,,pig,Pig,,None,slurry,None,"",,50,1.81,,4.23,2.92,,,,7.79,FALSE,2011-05-04,2011-05-04T15:20:00Z,04-05-2011 11:20,,,bsth,band,Band spread or trailing hose,28,81.76,none,None,,30,,,,cereal,Winter wheat,20,90,,"","",bsth,205 Unter (b)
205,226,1242,1244,2,Unter,Unter (b),,AU,DK,,ALFAM2_AU_v5.xlsx,493,553,,4,"Nyrd et al., 2013. Proceeding for the 15th International RAMIRAN conference, Versailles, France, 2013. Importance of injector design on ammonia volatilization and crop yield when soil injecting pig slurry to a winter wheat crop. www.ramiran.net",56.818,10.011,Flat,Foulum,2,1296,Combined disc and tine injection,1,,7,2011-05-04T16:53:00Z,2011-05-10T13:29:00Z,1.0667,1.0667,70.683,1.0667,140.6,zinst,micro met,ZINST,,0.105,0.0012799,,0.6038,0.86981,1.3962,1.878,3.7327,4.2806,4.2806,,4.2806,,,,,,,,,,,,0.0073599,0.010602,0.017018,0.022891,0.045498,0.052177,0.052177,,0.052177,4.7,8.9,78.3,8.09,loamy.sand,sand,0.2834,,,6.1,1.22,Yes,No,,,9.8968,8.3004,7.5417,7.5715,9.1096,,,11.719,2,,,8.7968,8.9987,8.6494,8.8288,9.1661,,,9.887,,,,,,,,,,,0.1,,,381.73,183.69,202.95,239.36,256.94,,,270.55,,,5.5839,4.9285,4.4452,3.8592,3.7692,,,5.1923,10,,,4.1377,3.6521,3.294,2.8598,2.7931,,,3.8476,Nearest station,,,0,0,0,0,0,,,0,,,0,0,0,0,0,,,0,,,51.748,63.439,74.092,75.017,70.739,,,63.179,,pig,Pig,,None,slurry,None,"",,50,1.9,,4.35,2.93,,,,7.79,FALSE,2011-05-04,2011-05-04T16:53:00Z,04-05-2011 12:53,,,cs,cs,Closed slot,28,82.04,none,None,,1,30,5,1,cereal,Winter wheat,20,90,,"","",cs,205 Unter (b)
205,226,1243,1245,2,Unter,Unter (b),,AU,DK,,ALFAM2_AU_v5.xlsx,494,554,,4,"Nyrd et al., 2013. Proceeding for the 15th International RAMIRAN conference, Versailles, France, 2013. Importance of injector design on ammonia volatilization and crop yield when soil injecting pig slurry to a winter wheat crop. www.ramiran.net",56.818,10.011,Flat,Foulum,2,1296,Combined disc and tine injection,2,,7,2011-05-04T16:53:00Z,2011-05-10T13:29:00Z,1.0667,1.0667,70.683,1.0667,140.6,zinst,micro met,ZINST,,0.055,0.0006704,,0.46261,0.71862,1.253,1.8326,3.7474,4.3723,5.7643,,8.3511,,,,,,,,,,,,0.0056387,0.0087592,0.015273,0.022337,0.045678,0.053295,0.070261,,0.10179,4.7,8.9,78.3,8.09,loamy.sand,sand,0.2834,,,6.1,1.22,Yes,No,,,9.8968,8.3004,7.5417,7.5715,9.1096,,,11.719,2,,,8.7968,8.9987,8.6494,8.8288,9.1661,,,9.887,,,,,,,,,,,0.1,,,381.73,183.69,202.95,239.36,256.94,,,270.55,,,5.5839,4.9285,4.4452,3.8592,3.7692,,,5.1923,10,,,4.1377,3.6521,3.294,2.8598,2.7931,,,3.8476,Nearest station,,,0,0,0,0,0,,,0,,,0,0,0,0,0,,,0,,,51.748,63.439,74.092,75.017,70.739,,,63.179,,pig,Pig,,None,slurry,None,"",,50,1.9,,4.35,2.93,,,,7.79,FALSE,2011-05-04,2011-05-04T16:53:00Z,04-05-2011 12:53,,,cs,cs,Closed slot,28,82.04,none,None,,1,30,5,1,cereal,Winter wheat,20,90,,"","",cs,205 Unter (b)
205,226,1244,1246,2,Unter,Unter (b),,AU,DK,,ALFAM2_AU_v5.xlsx,495,555,,4,"Nyrd et al., 2013. Proceeding for the 15th International RAMIRAN conference, Versailles, France, 2013. Importance of injector design on ammonia volatilization and crop yield when soil injecting pig slurry to a winter wheat crop. www.ramiran.net",56.818,10.011,Flat,Foulum,3,1296,Combined disc and tine injection,1,,7,2011-05-04T17:51:00Z,2011-05-10T13:23:00Z,1,1,70.783,1,139.53,zinst,micro met,ZINST,,0.834,0.010714,0.834,1.35,1.534,1.9006,2.3566,4.0921,4.2666,4.4826,,4.8744,,,,,,,,,,,0.010714,0.017343,0.019707,0.024416,0.030275,0.05257,0.054813,0.057588,,0.062621,4.7,8.9,78.3,8.09,loamy.sand,sand,0.2951,,,6.1,1.17,Yes,No,,,9.8663,7.9446,7.9446,7.3525,8.9907,,,11.735,2,,,9.0006,9.065,9.065,8.8362,9.1759,,,9.8983,,,,,,,,,,,0.1,,,378.5,155.64,155.64,223.51,246.95,,,269.14,,,6.1343,4.8163,4.8163,3.8228,3.7443,,,5.193,10,,,4.5456,3.569,3.569,2.8328,2.7746,,,3.8481,Nearest station,0,,0,0,0,0,0,,,0,0,,0,0,0,0,0,,,0,,,53.869,66.911,66.911,76.504,71.638,,,63.452,,pig,Pig,,None,slurry,None,"",,50,1.99,,4.14,2.78,,,,7.8,FALSE,2011-05-04,2011-05-04T17:51:00Z,04-05-2011 13:51,,,cs,cs,Closed slot,28,77.84,none,None,,1,30,5,1,cereal,Winter wheat,20,90,,"","",cs,205 Unter (b)
205,226,1245,1247,2,Unter,Unter (b),,AU,DK,,ALFAM2_AU_v5.xlsx,496,556,,4,"Nyrd et al., 2013. Proceeding for the 15th International RAMIRAN conference, Versailles, France, 2013. Importance of injector design on ammonia volatilization and crop yield when soil injecting pig slurry to a winter wheat crop. www.ramiran.net",56.818,10.011,Flat,Foulum,3,1296,Combined disc and tine injection,2,,7,2011-05-04T17:51:00Z,2011-05-10T13:23:00Z,1,1,70.783,1,139.53,zinst,micro met,ZINST,,0.26,0.0033402,0.26,0.97377,1.3058,2.4425,4.9265,6.1639,6.3364,6.3844,,6.4714,,,,,,,,,,,0.0033402,0.01251,0.016775,0.031379,0.06329,0.079186,0.081403,0.082019,,0.083138,4.7,8.9,78.3,8.09,loamy.sand,sand,0.2951,,,6.1,1.17,Yes,No,,,9.8663,7.9446,7.9446,7.3525,8.9907,,,11.735,2,,,9.0006,9.065,9.065,8.8362,9.1759,,,9.8983,,,,,,,,,,,0.1,,,378.5,155.64,155.64,223.51,246.95,,,269.14,,,6.1343,4.8163,4.8163,3.8228,3.7443,,,5.193,10,,,4.5456,3.569,3.569,2.8328,2.7746,,,3.8481,Nearest station,0,,0,0,0,0,0,,,0,0,,0,0,0,0,0,,,0,,,53.869,66.911,66.911,76.504,71.638,,,63.452,,pig,Pig,,None,slurry,None,"",,50,1.99,,4.14,2.78,,,,7.8,FALSE,2011-05-04,2011-05-04T17:51:00Z,04-05-2011 13:51,,,cs,cs,Closed slot,28,77.84,none,None,,1,30,5,1,cereal,Winter wheat,20,90,,"","",cs,205 Unter (b)
205,226,1248,1250,2,Unter,Unter (b),,AU,DK,,ALFAM2_AU_v5.xlsx,499,559,,4,"Nyrd et al., 2013. Proceeding for the 15th International RAMIRAN conference, Versailles, France, 2013. Importance of injector design on ammonia volatilization and crop yield when soil injecting pig slurry to a winter wheat crop. www.ramiran.net",56.818,10.011,Flat,Foulum,5,1296,Trail hose,1,,7,2011-05-04T20:07:00Z,2011-05-10T13:32:00Z,1,1,70.6,1,137.42,zinst,micro met,ZINST,,0,0,0,1.798,2.522,3.21,4.1468,5.3639,6.1973,7.1813,,8.8794,,,,,,,,,,,0,0.022934,0.032169,0.040944,0.052893,0.068417,0.079048,0.091599,,0.11326,4.7,8.9,78.3,8.09,loamy.sand,sand,0.269,,,6.1,1.19,Yes,No,,,8.5667,7.3149,7.7931,7.4141,9.0842,,,11.764,2,,,9.1667,9.1299,8.6902,8.8383,9.1885,,,9.9137,,,,,,,,,,,0.1,,,168.27,75.564,242.68,225.82,249.2,,,267.08,,,5.7333,4.4448,4.5531,3.7154,3.6734,,,5.177,10,,,4.2485,3.2937,3.374,2.7532,2.7221,,,3.8363,Nearest station,0,,0,0,0,0,0,,,0,0,,0,0,0,0,0,,,0,,,61,70.94,75.24,76.893,71.724,,,63.492,,pig,Pig,,None,slurry,None,"",,50,2.16,,3.96,2.8,,,,7.79,FALSE,2011-05-04,2011-05-04T20:07:00Z,04-05-2011 16:07,,,bsth,band,Band spread or trailing hose,28,78.4,none,None,,30,,,,cereal,Winter wheat,20,90,,"","",bsth,205 Unter (b)
205,226,1249,1251,2,Unter,Unter (b),,AU,DK,,ALFAM2_AU_v5.xlsx,500,560,,4,"Nyrd et al., 2013. Proceeding for the 15th International RAMIRAN conference, Versailles, France, 2013. Importance of injector design on ammonia volatilization and crop yield when soil injecting pig slurry to a winter wheat crop. www.ramiran.net",56.818,10.011,Flat,Foulum,5,1296,Trail hose,2,,7,2011-05-04T20:07:00Z,2011-05-10T13:32:00Z,1,1,70.6,1,137.42,zinst,micro met,ZINST,,0.937,0.011952,0.937,2.735,3.163,4.2085,6.1239,8.1457,8.4154,8.9674,,9.92,,,,,,,,,,,0.011952,0.034885,0.040344,0.05368,0.078111,0.1039,0.10734,0.11438,,0.12653,4.7,8.9,78.3,8.09,loamy.sand,sand,0.269,,,6.1,1.19,Yes,No,,,8.5667,7.3149,7.7931,7.4141,9.0842,,,11.764,2,,,9.1667,9.1299,8.6902,8.8383,9.1885,,,9.9137,,,,,,,,,,,0.1,,,168.27,75.564,242.68,225.82,249.2,,,267.08,,,5.7333,4.4448,4.5531,3.7154,3.6734,,,5.177,10,,,4.2485,3.2937,3.374,2.7532,2.7221,,,3.8363,Nearest station,0,,0,0,0,0,0,,,0,0,,0,0,0,0,0,,,0,,,61,70.94,75.24,76.893,71.724,,,63.492,,pig,Pig,,None,slurry,None,"",,50,2.16,,3.96,2.8,,,,7.79,FALSE,2011-05-04,2011-05-04T20:07:00Z,04-05-2011 16:07,,,bsth,band,Band spread or trailing hose,28,78.4,none,None,,30,,,,cereal,Winter wheat,20,90,,"","",bsth,205 Unter (b)
211,280,1541,1545,2,ALFAM2,B1,,SDU,DK,,ALFAM2_SDU_v4.xlsx,50,66,,1,"Wagner, C., Hafner, S., Nyord, T., Pacholski, A. 2015. Impact of field acidification and application methods on ammonia emissions, yield and nitrogen efficiency of organic liquid manures. Paper presented at 2015 RAMIRAN conference, Hamburg, Germany.",56.484,9.5813,Flat,ECO field Foulum,1,81,ES,1,,5,2014-04-01T17:34:00Z,2014-04-03T17:29:00Z,2.3667,2.3667,18.917,2.3667,47.917,cps,cps,cps,,0.433,0.0051061,,1.095,1.181,1.439,2.1048,,,,,2.3271,,,,,,,,,,,,0.012913,0.013927,0.016969,0.024821,,,,,0.027442,6.8,8.2,79.5,5.5,loamy.sand,sand,,,wet,6.2,1.3,Yes,No,,,6,6,8.2551,6.9157,6.9157,,,6.9157,1,,,,,,,,,,,,,,,,,,,,,,,,,,,,,,,,,,4.05,4.05,4.2343,3.455,3.455,,,3.455,2,,,4.05,4.05,4.2343,3.455,3.455,,,3.455,Field,,,0,0,0,4.8,4.8,,,4.8,,,0,0,0,0.10017,0.10017,,,0.10017,,,74.4,74.4,55.622,67.324,67.324,,,67.324,,cat,Cattle,,,liquid,Acidification,None,,90,6.4,,2.9,1.6,,,,5.6,TRUE,2014-04-01,2014-04-01T17:34:00Z,01-04-2014 13:34,,,bsth,band,Band spread or trailing hose,53,84.8,shallow,Shallow,2.5,30,,,,stubble,Stubble,,,,Surface applied acidified and incorporated (rotary cultivator) before sowing spring barley.,"",bsth,211 B1
211,280,1542,1546,2,ALFAM2,B1,,SDU,DK,,ALFAM2_SDU_v4.xlsx,31,47,,1,"Wagner, C., Hafner, S., Nyord, T., Pacholski, A. 2015. Impact of field acidification and application methods on ammonia emissions, yield and nitrogen efficiency of organic liquid manures. Paper presented at 2015 RAMIRAN conference, Hamburg, Germany.",56.484,9.5813,Flat,ECO field Foulum,11,81,E,1,,5,2014-04-01T17:43:00Z,2014-04-03T17:07:00Z,2.3833,2.3833,18.883,2.3833,47.4,cps,cps,cps,,1.173,0.013833,,2.8701,2.9621,3.2381,3.8273,,,,,4.4285,,,,,,,,,,,,0.033845,0.03493,0.038184,0.045133,,,,,0.052223,6.8,8.2,79.5,5.5,loamy.sand,sand,,,wet,6.2,1.3,Yes,No,,,6.19,6.19,8.1013,6.6423,6.6423,,,6.6423,1,,,,,,,,,,,,,,,,,,,,,,,,,,,,,,,,,,4.19,4.19,4.3566,3.5972,3.5972,,,3.5972,2,,,4.19,4.19,4.3566,3.5972,3.5972,,,3.5972,Field,,,0,0,0,4.8,4.8,,,4.8,,,0,0,0,0.10127,0.10127,,,0.10127,,,73.1,73.1,56.004,68.6,68.6,,,68.6,,cat,Cattle,,,liquid,None,None,,90,6.5,,2.9,1.6,,,,7.2,FALSE,2014-04-01,2014-04-01T17:43:00Z,01-04-2014 13:43,,,bsth,band,Band spread or trailing hose,53,84.8,shallow,Shallow,2.3833,30,,,,stubble,Stubble,,,,"Surface applied, non acidified and incoporated (rotary cultivator) before sowing spring barley.","",bsth,211 B1
211,280,1543,1547,2,ALFAM2,B1,,SDU,DK,,ALFAM2_SDU_v4.xlsx,71,87,,1,"Wagner, C., Hafner, S., Nyord, T., Pacholski, A. 2015. Impact of field acidification and application methods on ammonia emissions, yield and nitrogen efficiency of organic liquid manures. Paper presented at 2015 RAMIRAN conference, Hamburg, Germany.",56.484,9.5813,Flat,ECO field Foulum,12,81,I,1,,5,2014-04-01T18:24:00Z,2014-04-03T17:09:00Z,4.3667,4.3667,18.867,4.3667,46.75,cps,cps,cps,,0,0,,,0.0081667,0.038167,0.071583,,,,,0.11962,,,,,,,,,,,,,0.00010889,0.0005089,0.00095444,,,,,0.0015949,6.8,8.2,79.5,5.5,loamy.sand,sand,,,wet,6.2,1.3,Yes,No,,,7.69,7.69,5.8484,5.8964,5.8964,,,5.8964,1,,,,,,,,,,,,,,,,,,,,,,,,,,,,,,,,,,3.07,3.07,4.1429,3.4744,3.4744,,,3.4744,2,,,3.07,3.07,4.1429,3.4744,3.4744,,,3.4744,Field,,,0,0,4.7,4.8,4.8,,,4.8,,,0,0,0.19986,0.10267,0.10267,,,0.10267,,,67,67,70.635,73.265,73.265,,,73.265,,cat,Cattle,,,liquid,None,None,,90,6.4,,2.9,1.5,,,,7.2,FALSE,2014-04-01,2014-04-01T18:24:00Z,01-04-2014 14:24,,,cs,cs,Closed slot,50,75,none,None,,0,30,15,5,stubble,Stubble,,,,Direct injection before sowing before sowing.,"",cs,211 B1
211,280,1545,1549,2,ALFAM2,B1,,SDU,DK,,ALFAM2_SDU_v4.xlsx,72,88,,1,"Wagner, C., Hafner, S., Nyord, T., Pacholski, A. 2015. Impact of field acidification and application methods on ammonia emissions, yield and nitrogen efficiency of organic liquid manures. Paper presented at 2015 RAMIRAN conference, Hamburg, Germany.",56.484,9.5813,Flat,ECO field Foulum,15,81,I,1,,5,2014-04-01T18:40:00Z,2014-04-03T17:12:00Z,4.1833,4.1833,18.85,4.1833,46.533,cps,cps,cps,,0,0,,,0.063583,0.27358,0.50958,,,,,0.71998,,,,,,,,,,,,,0.00084778,0.0036477,0.0067944,,,,,0.0095998,6.8,8.2,79.5,5.5,loamy.sand,sand,,,wet,6.2,1.3,Yes,No,,,7.61,7.61,5.7459,5.8443,5.8443,,,5.8443,1,,,,,,,,,,,,,,,,,,,,,,,,,,,,,,,,,,3.03,3.03,4.1438,3.4817,3.4817,,,3.4817,2,,,3.03,3.03,4.1438,3.4817,3.4817,,,3.4817,Field,,,0,0,4.7,4.8,4.8,,,4.8,,,0,0,0.20172,0.10315,0.10315,,,0.10315,,,65.5,65.5,71.687,73.81,73.81,,,73.81,,cat,Cattle,,,liquid,None,None,,90,6.4,,2.9,1.5,,,,7.2,FALSE,2014-04-01,2014-04-01T18:40:00Z,01-04-2014 14:40,,,cs,cs,Closed slot,50,75,none,None,,0,30,15,5,stubble,Stubble,,,,Direct injection before sowing before sowing.,"",cs,211 B1
211,280,1546,1550,2,ALFAM2,B1,,SDU,DK,,ALFAM2_SDU_v4.xlsx,51,67,,1,"Wagner, C., Hafner, S., Nyord, T., Pacholski, A. 2015. Impact of field acidification and application methods on ammonia emissions, yield and nitrogen efficiency of organic liquid manures. Paper presented at 2015 RAMIRAN conference, Hamburg, Germany.",56.484,9.5813,Flat,ECO field Foulum,17,81,ES,1,,5,2014-04-01T17:59:00Z,2014-04-03T17:20:00Z,2.2333,2.2333,18.617,2.2333,47.35,cps,cps,cps,,0.148,0.0017453,,0.36233,0.39833,0.50633,0.79282,,,,,0.99762,,,,,,,,,,,,0.0042728,0.0046973,0.0059709,0.0093493,,,,,0.011764,6.8,8.2,79.5,5.5,loamy.sand,sand,,,wet,6.2,1.3,Yes,No,,,6.13,6.13,8.0931,6.4681,6.4681,,,6.4681,1,,,,,,,,,,,,,,,,,,,,,,,,,,,,,,,,,,3.88,3.88,4.1453,3.6078,3.6078,,,3.6078,2,,,3.88,3.88,4.1453,3.6078,3.6078,,,3.6078,Field,,,0,0,0,4.8,4.8,,,4.8,,,0,0,0,0.10137,0.10137,,,0.10137,,,73.6,73.6,55.561,71.089,71.089,,,71.089,,cat,Cattle,,,liquid,Acidification,None,,90,6.4,,2.9,1.6,,,,5.6,TRUE,2014-04-01,2014-04-01T17:59:00Z,01-04-2014 13:59,,,bsth,band,Band spread or trailing hose,53,84.8,shallow,Shallow,2.5,30,,,,stubble,Stubble,,,,Surface applied acidified and incorporated (rotary cultivator) before sowing spring barley.,"",bsth,211 B1
211,280,1547,1551,2,ALFAM2,B1,,SDU,DK,,ALFAM2_SDU_v4.xlsx,32,48,,1,"Wagner, C., Hafner, S., Nyord, T., Pacholski, A. 2015. Impact of field acidification and application methods on ammonia emissions, yield and nitrogen efficiency of organic liquid manures. Paper presented at 2015 RAMIRAN conference, Hamburg, Germany.",56.484,9.5813,Flat,ECO field Foulum,18,81,E,1,,5,2014-04-01T17:56:00Z,2014-04-03T17:18:00Z,2.35,2.35,18.633,2.35,47.367,cps,cps,cps,,0.854,0.010071,,2.0712,2.1492,2.3832,2.6826,,,,,3.0716,,,,,,,,,,,,0.024425,0.025345,0.028104,0.031635,,,,,0.036222,6.8,8.2,79.5,5.5,loamy.sand,sand,,,wet,6.2,1.3,Yes,No,,,6.13,6.13,8.0799,6.464,6.464,,,6.464,1,,,,,,,,,,,,,,,,,,,,,,,,,,,,,,,,,,3.88,3.88,4.1435,3.5693,3.5693,,,3.5693,2,,,3.88,3.88,4.1435,3.5693,3.5693,,,3.5693,Field,,,0,0,0,4.8,4.8,,,4.8,,,0,0,0,0.10134,0.10134,,,0.10134,,,73.6,73.6,55.682,71.13,71.13,,,71.13,,cat,Cattle,,,liquid,None,None,,90,6.5,,2.9,1.6,,,,7.2,FALSE,2014-04-01,2014-04-01T17:56:00Z,01-04-2014 13:56,,,bsth,band,Band spread or trailing hose,53,84.8,shallow,Shallow,2.35,30,,,,stubble,Stubble,,,,"Surface applied, non acidified and incoporated (rotary cultivator) before sowing spring barley.","",bsth,211 B1
211,280,1549,1553,2,ALFAM2,B1,,SDU,DK,,ALFAM2_SDU_v4.xlsx,73,89,,1,"Wagner, C., Hafner, S., Nyord, T., Pacholski, A. 2015. Impact of field acidification and application methods on ammonia emissions, yield and nitrogen efficiency of organic liquid manures. Paper presented at 2015 RAMIRAN conference, Hamburg, Germany.",56.484,9.5813,Flat,ECO field Foulum,21,81,I,1,,5,2014-04-01T18:34:00Z,2014-04-03T17:15:00Z,4.3667,4.3667,18.817,4.3667,46.683,cps,cps,cps,,0,0,,,0.0147,0.068701,0.12947,,,,,0.21443,,,,,,,,,,,,,0.000196,0.00091602,0.0017262,,,,,0.0028591,6.8,8.2,79.5,5.5,loamy.sand,sand,,,wet,6.2,1.3,Yes,No,,,7.65,7.65,5.7865,5.8651,5.8651,,,5.8651,1,,,,,,,,,,,,,,,,,,,,,,,,,,,,,,,,,,3.03,3.03,3.9619,3.4218,3.4218,,,3.4218,2,,,3.03,3.03,3.9619,3.4218,3.4218,,,3.4218,Field,,,0,0,4.8,4.8,4.8,,,4.8,,,0,0,0.20454,0.10282,0.10282,,,0.10282,,,65.1,65.1,71.648,73.71,73.71,,,73.71,,cat,Cattle,,,liquid,None,None,,90,6.4,,2.9,1.5,,,,7.2,FALSE,2014-04-01,2014-04-01T18:34:00Z,01-04-2014 14:34,,,cs,cs,Closed slot,50,75,none,None,,0,30,15,5,stubble,Stubble,,,,Direct injection before sowing before sowing.,"",cs,211 B1
211,280,1551,1555,2,ALFAM2,B1,,SDU,DK,,ALFAM2_SDU_v4.xlsx,52,68,,1,"Wagner, C., Hafner, S., Nyord, T., Pacholski, A. 2015. Impact of field acidification and application methods on ammonia emissions, yield and nitrogen efficiency of organic liquid manures. Paper presented at 2015 RAMIRAN conference, Hamburg, Germany.",56.484,9.5813,Flat,ECO field Foulum,28,81,ES,1,,5,2014-04-01T19:04:00Z,2014-04-03T17:28:00Z,2.5667,2.5667,18.6,2.5667,46.4,cps,cps,cps,,0,0,,0.018633,0.044632,0.12263,0.2041,,,,,0.41187,,,,,,,,,,,,0.00021972,0.00052631,0.0014461,0.0024068,,,,,0.0048569,6.8,8.2,79.5,5.5,loamy.sand,sand,,,wet,6.2,1.3,Yes,No,,,8.08,8.08,6.6967,5.8822,5.8822,,,5.8822,1,,,,,,,,,,,,,,,,,,,,,,,,,,,,,,,,,,3.55,3.55,3.8335,3.4004,3.4004,,,3.4004,2,,,3.55,3.55,3.8335,3.4004,3.4004,,,3.4004,Field,,,0,0,4.8,4.8,4.8,,,4.8,,,0,0,0.20616,0.10345,0.10345,,,0.10345,,,60.2,60.2,64.926,74.796,74.796,,,74.796,,cat,Cattle,,,liquid,Acidification,None,,90,6.4,,2.9,1.6,,,,5.6,TRUE,2014-04-01,2014-04-01T19:04:00Z,01-04-2014 15:04,,,bsth,band,Band spread or trailing hose,53,84.8,shallow,Shallow,2.5,30,,,,stubble,Stubble,,,,Surface applied acidified and incorporated (rotary cultivator) before sowing spring barley.,"",bsth,211 B1
211,280,1552,1556,2,ALFAM2,B1,,SDU,DK,,ALFAM2_SDU_v4.xlsx,53,69,,1,"Wagner, C., Hafner, S., Nyord, T., Pacholski, A. 2015. Impact of field acidification and application methods on ammonia emissions, yield and nitrogen efficiency of organic liquid manures. Paper presented at 2015 RAMIRAN conference, Hamburg, Germany.",56.484,9.5813,Flat,ECO field Foulum,29,81,ES,1,,5,2014-04-01T19:02:00Z,2014-04-03T17:29:00Z,2.5167,2.5167,18.6,2.5167,46.45,cps,cps,cps,,0.108,0.0012736,,0.27328,0.27528,0.28128,0.44315,,,,,0.8838,,,,,,,,,,,,0.0032227,0.0032463,0.003317,0.0052259,,,,,0.010422,6.8,8.2,79.5,5.5,loamy.sand,sand,,,wet,6.2,1.3,Yes,No,,,8.08,8.08,6.6943,5.8829,5.8829,,,5.8829,1,,,,,,,,,,,,,,,,,,,,,,,,,,,,,,,,,,3.55,3.55,3.8341,3.4009,3.4009,,,3.4009,2,,,3.55,3.55,3.8341,3.4009,3.4009,,,3.4009,Field,,,0,0,4.8,4.8,4.8,,,4.8,,,0,0,0.20557,0.10334,0.10334,,,0.10334,,,60.2,60.2,64.927,74.778,74.778,,,74.778,,cat,Cattle,,,liquid,Acidification,None,,90,6.4,,2.9,1.6,,,,5.6,TRUE,2014-04-01,2014-04-01T19:02:00Z,01-04-2014 15:02,,,bsth,band,Band spread or trailing hose,53,84.8,shallow,Shallow,2.5,30,,,,stubble,Stubble,,,,Surface applied acidified and incorporated (rotary cultivator) before sowing spring barley.,"",bsth,211 B1
211,280,1553,1557,2,ALFAM2,B1,,SDU,DK,,ALFAM2_SDU_v4.xlsx,30,46,,1,"Wagner, C., Hafner, S., Nyord, T., Pacholski, A. 2015. Impact of field acidification and application methods on ammonia emissions, yield and nitrogen efficiency of organic liquid manures. Paper presented at 2015 RAMIRAN conference, Hamburg, Germany.",56.484,9.5813,Flat,ECO field Foulum,3,81,E,1,,5,2014-04-01T17:39:00Z,2014-04-03T17:31:00Z,2.3667,2.3667,18.917,2.3667,47.867,cps,cps,cps,,1.216,0.01434,,2.9416,3.0196,3.2536,3.6225,,,,,4.1321,,,,,,,,,,,,0.034688,0.035608,0.038367,0.042718,,,,,0.048728,6.8,8.2,79.5,5.5,loamy.sand,sand,,,wet,6.2,1.3,Yes,No,,,6,6,8.0791,6.8442,6.8442,,,6.8442,1,,,,,,,,,,,,,,,,,,,,,,,,,,,,,,,,,,4.19,4.19,4.2514,3.4693,3.4693,,,3.4693,2,,,4.19,4.19,4.2514,3.4693,3.4693,,,3.4693,Field,,,0,0,0,4.8,4.8,,,4.8,,,0,0,0,0.10028,0.10028,,,0.10028,,,74.4,74.4,56.153,67.543,67.543,,,67.543,,cat,Cattle,,,liquid,None,None,,90,6.5,,2.9,1.6,,,,7.2,FALSE,2014-04-01,2014-04-01T17:39:00Z,01-04-2014 13:39,,,bsth,band,Band spread or trailing hose,53,84.8,shallow,Shallow,2.3667,30,,,,stubble,Stubble,,,,"Surface applied, non acidified and incoporated (rotary cultivator) before sowing spring barley.","",bsth,211 B1
211,280,1554,1558,2,ALFAM2,B1,,SDU,DK,,ALFAM2_SDU_v4.xlsx,33,49,,1,"Wagner, C., Hafner, S., Nyord, T., Pacholski, A. 2015. Impact of field acidification and application methods on ammonia emissions, yield and nitrogen efficiency of organic liquid manures. Paper presented at 2015 RAMIRAN conference, Hamburg, Germany.",56.484,9.5813,Flat,ECO field Foulum,32,81,E,1,,5,2014-04-01T18:57:00Z,2014-04-03T17:31:00Z,2.5167,2.5167,18.6,2.5167,46.567,cps,cps,cps,,1.39,0.016392,,3.5813,3.6933,4.0293,4.5522,,,,,5.2377,,,,,,,,,,,,0.042232,0.043552,0.047515,0.053682,,,,,0.061765,6.8,8.2,79.5,5.5,loamy.sand,sand,,,wet,6.2,1.3,Yes,No,,,7.38,7.38,6.6423,5.877,5.877,,,5.877,1,,,,,,,,,,,,,,,,,,,,,,,,,,,,,,,,,,3.48,3.48,3.8261,3.5604,3.5604,,,3.5604,2,,,3.48,3.48,3.8261,3.5604,3.5604,,,3.5604,Field,,,0,0,4.8,4.8,4.8,,,4.8,,,0,0,0.20454,0.10308,0.10308,,,0.10308,,,64.1,64.1,65.048,74.727,74.727,,,74.727,,cat,Cattle,,,liquid,None,None,,90,6.5,,2.9,1.6,,,,7.2,FALSE,2014-04-01,2014-04-01T18:57:00Z,01-04-2014 14:57,,,bsth,band,Band spread or trailing hose,53,84.8,shallow,Shallow,2.5167,30,,,,stubble,Stubble,,,,"Surface applied, non acidified and incoporated (rotary cultivator) before sowing spring barley.","",bsth,211 B1
211,280,1555,1559,2,ALFAM2,B1,,SDU,DK,,ALFAM2_SDU_v4.xlsx,70,86,,1,"Wagner, C., Hafner, S., Nyord, T., Pacholski, A. 2015. Impact of field acidification and application methods on ammonia emissions, yield and nitrogen efficiency of organic liquid manures. Paper presented at 2015 RAMIRAN conference, Hamburg, Germany.",56.484,9.5813,Flat,ECO field Foulum,7,81,I,1,,5,2014-04-01T18:18:00Z,2014-04-03T17:15:00Z,4.3833,4.3833,18.9,4.3833,46.95,cps,cps,cps,,0.003,4e-05,,,0.034166,0.11216,0.23614,,,,,0.82577,,,,,,,,,,,,,0.00045555,0.0014955,0.0031486,,,,,0.01101,6.8,8.2,79.5,5.5,loamy.sand,sand,,,wet,6.2,1.3,Yes,No,,,7.52,7.52,5.792,6.1235,6.1235,,,6.1235,1,,,,,,,,,,,,,,,,,,,,,,,,,,,,,,,,,,3.07,3.07,4.0526,3.399,3.399,,,3.399,2,,,3.07,3.07,4.0526,3.399,3.399,,,3.399,Field,,,0,0,4.7,4.8,4.8,,,4.8,,,0,0,0.19986,0.10224,0.10224,,,0.10224,,,66.1,66.1,70.438,71.847,71.847,,,71.847,,cat,Cattle,,,liquid,None,None,,90,6.4,,2.9,1.5,,,,7.2,FALSE,2014-04-01,2014-04-01T18:18:00Z,01-04-2014 14:18,,,cs,cs,Closed slot,50,75,none,None,,0,30,15,5,stubble,Stubble,,,,Direct injection before sowing before sowing.,"",cs,211 B1
211,280,1557,1561,2,ALFAM2,B1,,SDU,DK,,ALFAM2_SDU_v4.xlsx,812,817,,1,"Wagner, C., Hafner, S., Nyord, T., Pacholski, A. 2015. Impact of field acidification and application methods on ammonia emissions, yield and nitrogen efficiency of organic liquid manures. Paper presented at 2015 RAMIRAN conference, Hamburg, Germany.",56.484,9.5813,Flat,ECO field Foulum,A,81,A,1,,6,2014-04-01T17:33:00Z,2014-04-03T12:02:00Z,1.9,1.9,18.2,1.9,42.483,chamber,chamber,Dynamic chamber,,0.51,0.0060142,,2.061,2.758,4.618,7.9014,,,,,10.327,,,,,,,,,,,,0.024304,0.032524,0.054458,0.093177,,,,,0.12178,6.8,8.2,79.5,5.5,loamy.sand,sand,,,wet,6.2,1.3,Yes,No,,,7.367,7.367,6.5138,6.4917,6.4917,,,6.4917,1,,,,,,,,,,,,,,,,,,,,,,,,,,,,,,,,,,3.6368,3.6368,3.7263,4.0363,4.0363,,,4.0363,2,,,3.6368,3.6368,3.7263,4.0363,4.0363,,,4.0363,Field,,,0,0,0,4.8,4.8,,,4.8,,,0,0,0,0.11298,0.11298,,,0.11298,,,64.571,64.571,65.139,69.046,69.046,,,69.046,,cat,Cattle,,,liquid,None,None,,90,6.5,,2.9,1.6,,,,7.2,FALSE,2014-04-01,,"",,,bsth,band,Band spread or trailing hose,53,84.8,none,None,,30,,,,stubble,Stubble,,,,"Surface applied, non acidified and non incoporated before sowing spring barley.","",bsth,211 B1
211,280,1558,1562,2,ALFAM2,B1,,SDU,DK,,ALFAM2_SDU_v4.xlsx,90,98,,1,"Wagner, C., Hafner, S., Nyord, T., Pacholski, A. 2015. Impact of field acidification and application methods on ammonia emissions, yield and nitrogen efficiency of organic liquid manures. Paper presented at 2015 RAMIRAN conference, Hamburg, Germany.",56.484,9.5813,Flat,ECO field Foulum,A,81,SS,1,,5,2014-04-01T17:31:00Z,2014-04-03T16:58:00Z,5.0833,4.3667,18.933,5.0833,47.45,cps,cps,cps,,1.043,0.0123,,,5.4889,6.7129,9.6573,,,,,11.262,,,,,,,,,,,,,0.064728,0.079162,0.11388,,,,,0.13281,6.8,8.2,79.5,5.5,loamy.sand,sand,,,wet,6.2,1.3,Yes,No,,,6,6,5.9337,5.7461,5.7461,,,5.7461,1,,,,,,,,,,,,,,,,,,,,,,,,,,,,,,,,,,3.27,3.27,3.9995,3.4465,3.4465,,,3.4465,2,,,3.27,3.27,3.9995,3.4465,3.4465,,,3.4465,Field,,,0,0,0,4.8,4.8,,,4.8,,,0,0,0,0.10116,0.10116,,,0.10116,,,74.4,74.4,68.579,74.139,74.139,,,74.139,,cat,Cattle,,,liquid,None,None,,90,6.5,,2.9,1.6,,,,7.2,FALSE,2014-04-01,2014-04-01T17:31:00Z,01-04-2014 13:31,,,bsth,band,Band spread or trailing hose,53,84.8,none,None,,30,,,,stubble,Stubble,,,,"","",bsth,211 B1
211,280,1559,1563,2,ALFAM2,B1,,SDU,DK,,ALFAM2_SDU_v4.xlsx,818,824,,1,"Wagner, C., Hafner, S., Nyord, T., Pacholski, A. 2015. Impact of field acidification and application methods on ammonia emissions, yield and nitrogen efficiency of organic liquid manures. Paper presented at 2015 RAMIRAN conference, Hamburg, Germany.",56.484,9.5813,Flat,ECO field Foulum,B,81,B,1,,7,2014-04-01T18:55:00Z,2014-04-03T16:45:00Z,1.75,1.6167,15.083,1.75,45.833,chamber,chamber,Dynamic chamber,,0.54,0.0063679,,2.008,2.608,4.408,7.616,,,,,10.111,,,,,,,,,,,,0.023679,0.030755,0.051981,0.089812,,,,,0.11924,6.8,8.2,79.5,5.5,loamy.sand,sand,,,wet,6.2,1.3,Yes,No,,,7.4664,7.4664,6.1668,5.7248,5.7248,,,5.7248,1,,,,,,,,,,,,,,,,,,,,,,,,,,,,,,,,,,3.5645,3.5645,3.4048,3.4311,3.4311,,,3.4311,2,,,3.5645,3.5645,3.4048,3.4311,3.4311,,,3.4311,Field,,,0,0,0,4.8,4.8,,,4.8,,,0,0,0,0.10473,0.10473,,,0.10473,,,61.171,61.171,63.617,74.556,74.556,,,74.556,,cat,Cattle,,,liquid,None,None,,90,6.5,,2.9,1.6,,,,7.2,FALSE,2014-04-01,,"",,,bsth,band,Band spread or trailing hose,53,84.8,none,None,,30,,,,stubble,Stubble,,,,"Surface applied, non acidified and non incoporated before sowing spring barley.","",bsth,211 B1
211,280,1560,1564,2,ALFAM2,B1,,SDU,DK,,ALFAM2_SDU_v4.xlsx,91,99,,1,"Wagner, C., Hafner, S., Nyord, T., Pacholski, A. 2015. Impact of field acidification and application methods on ammonia emissions, yield and nitrogen efficiency of organic liquid manures. Paper presented at 2015 RAMIRAN conference, Hamburg, Germany.",56.484,9.5813,Flat,ECO field Foulum,B,81,SS,1,,5,2014-04-01T18:54:00Z,2014-04-03T17:33:00Z,4.1167,4.1167,18.583,4.1167,46.65,cps,cps,cps,,1.288,0.015189,,,5.5904,6.5084,8.3285,,,,,9.2962,,,,,,,,,,,,,0.065925,0.07675,0.098213,,,,,0.10963,6.8,8.2,79.5,5.5,loamy.sand,sand,,,wet,6.2,1.3,Yes,No,,,7.38,7.38,5.6437,5.3739,5.3739,,,5.3739,1,,,,,,,,,,,,,,,,,,,,,,,,,,,,,,,,,,3.18,3.18,3.7551,3.5254,3.5254,,,3.5254,2,,,3.18,3.18,3.7551,3.5254,3.5254,,,3.5254,Field,,,0,0,4.8,4.8,4.8,,,4.8,,,0,0,0.20382,0.10289,0.10289,,,0.10289,,,64.1,64.1,71.469,77.952,77.952,,,77.952,,cat,Cattle,,,liquid,None,None,,90,6.5,,2.9,1.6,,,,7.2,FALSE,2014-04-01,2014-04-01T18:54:00Z,01-04-2014 14:54,,,bsth,band,Band spread or trailing hose,53,84.8,none,None,,30,,,,stubble,Stubble,,,,"","",bsth,211 B1
